"Genomic Location","Overlapping Gene(s)","Orientation","Query name","Query start","Query end","Query ori","Length","Score","E-val","%ID"
"19:44905791-44909393 [Sequence]","APOE, ENSG00000280087","Forward","ENSG00000130203","1","3603","Forward","3603 [Sequence]","7127.0","0.0e+00","100.00 [Alignment]"
"2:16159462-16159746 [Sequence]","","Forward","ENSG00000130203","1097","1384","Forward","288 [Sequence]","465.0","2.3e-131","89.93 [Alignment]"
"1:12361407-12361684 [Sequence]","VPS13D","Forward","ENSG00000130203","1102","1382","Forward","281 [Sequence]","464.0","5.2e-131","91.10 [Alignment]"
"2:24666024-24666312 [Sequence]","NCOA1","Forward","ENSG00000130203","1103","1391","Forward","291 [Sequence]","460.0","1.3e-129","88.32 [Alignment]"
"1:45515316-45515610 [Sequence]","PRDX1","Reverse","ENSG00000130203","1097","1394","Forward","298 [Sequence]","454.0","4.6e-128","87.58 [Alignment]"
"1:36002336-36002622 [Sequence]","AGO3, ENSG00000271554","Forward","ENSG00000130203","1097","1383","Forward","287 [Sequence]","448.0","4.5e-126","87.11 [Alignment]"
"1:220152080-220152366 [Sequence]","RAB3GAP2","Forward","ENSG00000130203","1097","1382","Forward","288 [Sequence]","437.0","8.5e-123","86.46 [Alignment]"
"1:24292682-24292967 [Sequence]","GRHL3","Reverse","ENSG00000130203","1097","1384","Forward","288 [Sequence]","435.0","4.3e-122","85.76 [Alignment]"
"1:146028230-146028517 [Sequence]","HJV","Reverse","ENSG00000130203","1097","1384","Forward","289 [Sequence]","434.0","8.1e-122","86.51 [Alignment]"
"1:217802926-217803206 [Sequence]","SPATA17","Forward","ENSG00000130203","1104","1387","Forward","284 [Sequence]","422.0","3.8e-118","86.62 [Alignment]"
"1:9067912-9068186 [Sequence]","SLC2A5","Forward","ENSG00000130203","1529","1803","Forward","275 [Sequence]","413.0","1.6e-115","85.09 [Alignment]"
"8:53917187-53917438 [Sequence]","RGS20","Forward","ENSG00000130203","1130","1382","Forward","253 [Sequence]","406.0","1.7e-113","88.93 [Alignment]"
"1:193027403-193027666 [Sequence]","UCHL5","Reverse","ENSG00000130203","1127","1392","Forward","266 [Sequence]","401.0","8.1e-112","85.71 [Alignment]"
"1:42441614-42441854 [Sequence]","ZMYND12","Forward","ENSG00000130203","1081","1325","Forward","245 [Sequence]","391.0","6.3e-109","91.02 [Alignment]"
"2:31468923-31469184 [Sequence]","","Forward","ENSG00000130203","1097","1362","Forward","266 [Sequence]","382.0","3.1e-106","85.71 [Alignment]"
"1:150653798-150654061 [Sequence]","GOLPH3L","Reverse","ENSG00000130203","1526","1789","Forward","264 [Sequence]","380.0","1.2e-105","83.33 [Alignment]"
"22:19952356-19952592 [Sequence]","COMT","Reverse","ENSG00000130203","1155","1394","Forward","240 [Sequence]","368.0","4.5e-102","87.50 [Alignment]"
"1:222525738-222525991 [Sequence]","HHIPL2","Reverse","ENSG00000130203","1116","1371","Forward","256 [Sequence]","366.0","2.0e-101","83.59 [Alignment]"
"1:5703638-5703872 [Sequence]","","Reverse","ENSG00000130203","1126","1361","Forward","236 [Sequence]","365.0","3.4e-101","86.86 [Alignment]"
"7:152758892-152759116 [Sequence]","ENSG00000289146","Forward","ENSG00000130203","1099","1325","Forward","227 [Sequence]","359.0","3.1e-99","88.99 [Alignment]"
"1:171386632-171386895 [Sequence]","","Forward","ENSG00000130203","1536","1799","Forward","264 [Sequence]","350.0","1.5e-96","79.55 [Alignment]"
"1:93511783-93511977 [Sequence]","FNBP1L","Reverse","ENSG00000130203","1097","1292","Forward","196 [Sequence]","343.0","1.4e-94","93.88 [Alignment]"
"9:96775091-96775349 [Sequence]","ZNF510","Reverse","ENSG00000130203","1535","1793","Forward","259 [Sequence]","339.0","3.0e-93","78.76 [Alignment]"
"1:205340081-205340313 [Sequence]","KLHDC8A","Reverse","ENSG00000130203","1526","1758","Forward","233 [Sequence]","337.0","8.3e-93","82.83 [Alignment]"
"1:12382146-12382380 [Sequence]","VPS13D","Reverse","ENSG00000130203","1546","1780","Forward","235 [Sequence]","334.0","7.9e-92","82.98 [Alignment]"
"1:93849888-93850107 [Sequence]","","Reverse","ENSG00000130203","1535","1754","Forward","220 [Sequence]","318.0","7.3e-87","83.18 [Alignment]"
"22:24521201-24521396 [Sequence]","UPB1","Reverse","ENSG00000130203","1195","1391","Forward","197 [Sequence]","317.0","1.5e-86","89.85 [Alignment]"
"1:155779068-155779265 [Sequence]","GON4L","Reverse","ENSG00000130203","1097","1295","Forward","199 [Sequence]","316.0","1.9e-86","88.44 [Alignment]"
"1:121153811-121154017 [Sequence]","","Forward","ENSG00000130203","1130","1340","Forward","211 [Sequence]","311.0","8.7e-85","87.20 [Alignment]"
"1:206172325-206172531 [Sequence]","","Forward","ENSG00000130203","1130","1340","Forward","211 [Sequence]","308.0","4.9e-84","86.73 [Alignment]"
"1:207347287-207347466 [Sequence]","CD55","Forward","ENSG00000130203","1118","1297","Forward","181 [Sequence]","302.0","4.9e-82","92.82 [Alignment]"
"1:113004788-113004975 [Sequence]","SLC16A1-AS1","Reverse","ENSG00000130203","1195","1387","Forward","193 [Sequence]","297.0","8.4e-81","89.64 [Alignment]"
"1:155776646-155776843 [Sequence]","GON4L","Reverse","ENSG00000130203","1534","1729","Forward","202 [Sequence]","289.0","2.3e-78","84.65 [Alignment]"
"1:146004085-146004264 [Sequence]","","Forward","ENSG00000130203","1148","1329","Forward","182 [Sequence]","286.0","1.8e-77","88.46 [Alignment]"
"2:32462676-32462862 [Sequence]","BIRC6","Forward","ENSG00000130203","1526","1713","Forward","188 [Sequence]","269.0","2.3e-72","85.64 [Alignment]"
"1:63632852-63633034 [Sequence]","PGM1","Reverse","ENSG00000130203","1097","1281","Forward","185 [Sequence]","261.0","7.6e-70","84.86 [Alignment]"
"1:163988612-163988802 [Sequence]","","Reverse","ENSG00000130203","1537","1727","Forward","191 [Sequence]","260.0","1.4e-69","81.15 [Alignment]"
"1:2779933-2780119 [Sequence]","TTC34, ENSG00000285945","Reverse","ENSG00000130203","1104","1291","Forward","189 [Sequence]","260.0","1.9e-69","85.19 [Alignment]"
"1:15396640-15396815 [Sequence]","FHAD1","Reverse","ENSG00000130203","1103","1280","Forward","178 [Sequence]","259.0","2.6e-69","85.39 [Alignment]"
"1:198719591-198719770 [Sequence]","PTPRC","Forward","ENSG00000130203","1067","1250","Forward","184 [Sequence]","253.0","1.8e-67","84.78 [Alignment]"
"1:52251044-52251227 [Sequence]","ZFYVE9","Forward","ENSG00000130203","1066","1246","Forward","189 [Sequence]","252.0","3.3e-67","83.07 [Alignment]"
"1:112993940-112994108 [Sequence]","SLC16A1-AS1, ENSG00000287807","Reverse","ENSG00000130203","1637","1805","Forward","169 [Sequence]","252.0","3.7e-67","85.21 [Alignment]"
"1:1992480-1992627 [Sequence]","CFAP74","Forward","ENSG00000130203","1097","1247","Forward","151 [Sequence]","237.0","1.1e-62","88.74 [Alignment]"
"1:20861832-20861987 [Sequence]","EIF4G3","Reverse","ENSG00000130203","1094","1250","Forward","157 [Sequence]","233.0","2.2e-61","86.62 [Alignment]"
"1:155313830-155313974 [Sequence]","FDPS","Forward","ENSG00000130203","1102","1246","Forward","145 [Sequence]","233.0","2.4e-61","88.97 [Alignment]"
"1:11276525-11276675 [Sequence]","UBIAD1","Reverse","ENSG00000130203","1097","1247","Forward","151 [Sequence]","231.0","1.1e-60","86.09 [Alignment]"
"1:169580498-169580650 [Sequence]","F5","Forward","ENSG00000130203","1205","1359","Forward","155 [Sequence]","230.0","1.2e-60","84.52 [Alignment]"
"1:36437532-36437679 [Sequence]","OSCP1","Forward","ENSG00000130203","1104","1251","Forward","148 [Sequence]","228.0","5.1e-60","85.81 [Alignment]"
"1:35316984-35317134 [Sequence]","ZMYM4","Reverse","ENSG00000130203","1097","1246","Forward","151 [Sequence]","225.0","5.8e-59","87.42 [Alignment]"
"2:24424137-24424268 [Sequence]","","Forward","ENSG00000130203","1260","1391","Forward","132 [Sequence]","224.0","8.4e-59","90.91 [Alignment]"
"1:38460099-38460226 [Sequence]","","Forward","ENSG00000130203","1260","1387","Forward","128 [Sequence]","224.0","1.1e-58","92.19 [Alignment]"
"1:183132918-183133071 [Sequence]","LAMC1","Forward","ENSG00000130203","1099","1251","Forward","154 [Sequence]","224.0","1.3e-58","85.71 [Alignment]"
"1:84068253-84068421 [Sequence]","","Forward","ENSG00000130203","1088","1252","Forward","171 [Sequence]","221.0","7.8e-58","82.46 [Alignment]"
"1:161044110-161044237 [Sequence]","USF1","Forward","ENSG00000130203","1260","1387","Forward","128 [Sequence]","221.0","7.8e-58","91.41 [Alignment]"
"1:27139960-27140091 [Sequence]","SLC9A1","Forward","ENSG00000130203","1260","1391","Forward","132 [Sequence]","221.0","9.4e-58","89.39 [Alignment]"
"1:32789595-32789749 [Sequence]","YARS1","Forward","ENSG00000130203","1097","1251","Forward","155 [Sequence]","220.0","1.7e-57","82.58 [Alignment]"
"1:110775207-110775349 [Sequence]","","Reverse","ENSG00000130203","1097","1237","Forward","143 [Sequence]","219.0","4.3e-57","88.81 [Alignment]"
"1:237520755-237520886 [Sequence]","RYR2","Reverse","ENSG00000130203","1260","1391","Forward","132 [Sequence]","218.0","5.1e-57","88.64 [Alignment]"
"4:107970974-107971101 [Sequence]","CYP2U1-AS1","Reverse","ENSG00000130203","1260","1387","Forward","128 [Sequence]","218.0","8.7e-57","89.84 [Alignment]"
"1:103300711-103300861 [Sequence]","","Reverse","ENSG00000130203","1097","1247","Forward","151 [Sequence]","217.0","1.0e-56","84.11 [Alignment]"
"1:227076424-227076555 [Sequence]","CDC42BPA","Forward","ENSG00000130203","1260","1391","Forward","132 [Sequence]","217.0","1.1e-56","88.64 [Alignment]"
"1:15347599-15347740 [Sequence]","FHAD1","Reverse","ENSG00000130203","1533","1673","Forward","142 [Sequence]","216.0","3.7e-56","88.73 [Alignment]"
"X:23854519-23854663 [Sequence]","APOO","Forward","ENSG00000130203","1081","1233","Forward","153 [Sequence]","216.0","3.9e-56","83.01 [Alignment]"
"1:24017217-24017345 [Sequence]","","Forward","ENSG00000130203","1260","1388","Forward","129 [Sequence]","215.0","6.6e-56","89.15 [Alignment]"
"1:211255512-211255662 [Sequence]","","Forward","ENSG00000130203","1097","1247","Forward","151 [Sequence]","215.0","7.1e-56","84.77 [Alignment]"
"1:151057250-151057371 [Sequence]","CDC42SE1","Reverse","ENSG00000130203","1261","1382","Forward","122 [Sequence]","214.0","1.3e-55","91.80 [Alignment]"
"1:227109533-227109665 [Sequence]","CDC42BPA","Forward","ENSG00000130203","1260","1392","Forward","133 [Sequence]","213.0","1.7e-55","87.22 [Alignment]"
"1:227109377-227109522 [Sequence]","CDC42BPA","Forward","ENSG00000130203","1102","1247","Forward","146 [Sequence]","213.0","1.9e-55","84.25 [Alignment]"
"4:107971125-107971262 [Sequence]","CYP2U1-AS1","Reverse","ENSG00000130203","1097","1234","Forward","138 [Sequence]","212.0","3.5e-55","86.96 [Alignment]"
"1:35316850-35316972 [Sequence]","ZMYM4","Reverse","ENSG00000130203","1260","1382","Forward","123 [Sequence]","212.0","4.9e-55","91.87 [Alignment]"
"1:9923377-9923508 [Sequence]","LZIC","Forward","ENSG00000130203","1260","1391","Forward","132 [Sequence]","211.0","9.1e-55","87.88 [Alignment]"
"1:192390569-192390699 [Sequence]","ENSG00000285280","Forward","ENSG00000130203","1132","1262","Forward","131 [Sequence]","211.0","1.2e-54","88.55 [Alignment]"
"2:32670048-32670177 [Sequence]","TTC27","Forward","ENSG00000130203","1263","1392","Forward","130 [Sequence]","210.0","1.3e-54","87.69 [Alignment]"
"1:235610949-235611095 [Sequence]","GNG4","Reverse","ENSG00000130203","1102","1247","Forward","147 [Sequence]","210.0","1.6e-54","85.03 [Alignment]"
"16:62380066-62380223 [Sequence]","","Forward","ENSG00000130203","1646","1803","Forward","158 [Sequence]","210.0","1.7e-54","81.65 [Alignment]"
"1:55487939-55488077 [Sequence]","ENSG00000234810","Reverse","ENSG00000130203","1536","1673","Forward","139 [Sequence]","210.0","2.2e-54","88.49 [Alignment]"
"1:212631756-212631878 [Sequence]","","Reverse","ENSG00000130203","1260","1382","Forward","123 [Sequence]","209.0","3.1e-54","91.06 [Alignment]"
"1:11988735-11988889 [Sequence]","MFN2","Reverse","ENSG00000130203","1636","1790","Forward","155 [Sequence]","209.0","3.7e-54","80.00 [Alignment]"
"1:213178403-213178551 [Sequence]","RPS6KC1","Reverse","ENSG00000130203","1098","1246","Forward","149 [Sequence]","208.0","7.0e-54","81.88 [Alignment]"
"1:23513851-23513974 [Sequence]","E2F2","Reverse","ENSG00000130203","1260","1383","Forward","124 [Sequence]","208.0","9.7e-54","89.52 [Alignment]"
"1:200666830-200666958 [Sequence]","DDX59","Reverse","ENSG00000130203","1260","1388","Forward","129 [Sequence]","208.0","1.0e-53","89.15 [Alignment]"
"12:120662528-120662649 [Sequence]","CABP1","Forward","ENSG00000130203","1260","1381","Forward","122 [Sequence]","207.0","1.1e-53","90.98 [Alignment]"
"10:71983617-71983739 [Sequence]","CHST3","Forward","ENSG00000130203","1259","1381","Forward","123 [Sequence]","207.0","2.0e-53","90.24 [Alignment]"
"3:112360192-112360334 [Sequence]","CD200","Reverse","ENSG00000130203","1102","1244","Forward","143 [Sequence]","206.0","3.4e-53","84.62 [Alignment]"
"1:184572673-184572802 [Sequence]","C1orf21","Reverse","ENSG00000130203","1260","1391","Forward","132 [Sequence]","205.0","4.2e-53","87.88 [Alignment]"
"1:117439652-117439793 [Sequence]","MAN1A2","Reverse","ENSG00000130203","1526","1666","Forward","142 [Sequence]","205.0","4.7e-53","85.21 [Alignment]"
"3:112360051-112360172 [Sequence]","CD200","Reverse","ENSG00000130203","1266","1387","Forward","122 [Sequence]","205.0","4.9e-53","90.16 [Alignment]"
"X:23854703-23854821 [Sequence]","APOO","Forward","ENSG00000130203","1273","1391","Forward","119 [Sequence]","205.0","6.0e-53","90.76 [Alignment]"
"1:211255673-211255802 [Sequence]","","Forward","ENSG00000130203","1260","1391","Forward","132 [Sequence]","205.0","6.1e-53","88.64 [Alignment]"
"1:183133078-183133199 [Sequence]","LAMC1","Forward","ENSG00000130203","1260","1381","Forward","122 [Sequence]","204.0","9.6e-53","90.16 [Alignment]"
"1:31406375-31406519 [Sequence]","","Reverse","ENSG00000130203","1637","1784","Forward","148 [Sequence]","204.0","1.0e-52","82.43 [Alignment]"
"1:20861702-20861824 [Sequence]","EIF4G3","Reverse","ENSG00000130203","1260","1382","Forward","123 [Sequence]","204.0","1.3e-52","89.43 [Alignment]"
"2:16159146-16159278 [Sequence]","","Forward","ENSG00000130203","1533","1665","Forward","133 [Sequence]","204.0","1.6e-52","87.22 [Alignment]"
"1:7884345-7884481 [Sequence]","","Reverse","ENSG00000130203","1645","1781","Forward","137 [Sequence]","204.0","1.6e-52","83.21 [Alignment]"
"1:853130-853252 [Sequence]","LINC01128","Forward","ENSG00000130203","1260","1381","Forward","123 [Sequence]","203.0","1.7e-52","91.87 [Alignment]"
"1:88806337-88806464 [Sequence]","PKN2","Forward","ENSG00000130203","1260","1387","Forward","128 [Sequence]","203.0","1.8e-52","86.72 [Alignment]"
"1:110775054-110775186 [Sequence]","","Reverse","ENSG00000130203","1260","1391","Forward","133 [Sequence]","203.0","2.7e-52","86.47 [Alignment]"
"10:114747909-114748043 [Sequence]","ABLIM1","Reverse","ENSG00000130203","1105","1239","Forward","135 [Sequence]","201.0","7.3e-52","85.93 [Alignment]"
"1:27135076-27135221 [Sequence]","SLC9A1","Reverse","ENSG00000130203","1653","1802","Forward","150 [Sequence]","201.0","1.0e-51","80.67 [Alignment]"
"1:198719778-198719901 [Sequence]","PTPRC","Forward","ENSG00000130203","1260","1383","Forward","124 [Sequence]","201.0","1.1e-51","87.90 [Alignment]"
"10:114747770-114747890 [Sequence]","ABLIM1","Reverse","ENSG00000130203","1260","1380","Forward","121 [Sequence]","201.0","1.2e-51","88.43 [Alignment]"
"12:120662386-120662514 [Sequence]","CABP1","Forward","ENSG00000130203","1116","1247","Forward","132 [Sequence]","198.0","7.7e-51","85.61 [Alignment]"
"1:201616655-201616776 [Sequence]","NAV1","Forward","ENSG00000130203","1261","1382","Forward","122 [Sequence]","197.0","2.0e-50","87.70 [Alignment]"
"1:19217275-19217404 [Sequence]","EMC1, EMC1-AS1","Forward","ENSG00000130203","1534","1662","Forward","130 [Sequence]","196.0","2.2e-50","88.46 [Alignment]"
"2:24021067-24021189 [Sequence]","MFSD2B","Forward","ENSG00000130203","1262","1384","Forward","123 [Sequence]","196.0","2.4e-50","86.99 [Alignment]"
"1:33213706-33213821 [Sequence]","","Reverse","ENSG00000130203","1132","1247","Forward","116 [Sequence]","196.0","2.4e-50","91.38 [Alignment]"
"1:70879279-70879434 [Sequence]","PTGER3","Reverse","ENSG00000130203","1637","1792","Forward","162 [Sequence]","195.0","4.3e-50","77.78 [Alignment]"
"1:151075445-151075555 [Sequence]","GABPB2","Reverse","ENSG00000130203","1117","1227","Forward","111 [Sequence]","192.0","3.9e-49","90.99 [Alignment]"
"1:195823110-195823241 [Sequence]","","Reverse","ENSG00000130203","1260","1391","Forward","132 [Sequence]","192.0","5.3e-49","82.58 [Alignment]"
"1:234344275-234344397 [Sequence]","","Forward","ENSG00000130203","1257","1381","Forward","125 [Sequence]","191.0","1.3e-48","86.40 [Alignment]"
"1:201616527-201616644 [Sequence]","NAV1","Forward","ENSG00000130203","1130","1247","Forward","118 [Sequence]","190.0","2.2e-48","88.14 [Alignment]"
"1:223975542-223975656 [Sequence]","GTF2IP20","Reverse","ENSG00000130203","1132","1246","Forward","115 [Sequence]","190.0","2.4e-48","90.43 [Alignment]"
"1:247835993-247836113 [Sequence]","","Forward","ENSG00000130203","1529","1649","Forward","121 [Sequence]","187.0","1.5e-47","85.95 [Alignment]"
"1:58705647-58705764 [Sequence]","","Forward","ENSG00000130203","2429","2546","Forward","118 [Sequence]","187.0","1.5e-47","88.14 [Alignment]"
"1:113099415-113099514 [Sequence]","LRIG2","Reverse","ENSG00000130203","1550","1649","Forward","100 [Sequence]","186.0","2.3e-47","97.00 [Alignment]"
"1:109063481-109063593 [Sequence]","TAF13","Forward","ENSG00000130203","1130","1242","Forward","113 [Sequence]","186.0","2.8e-47","90.27 [Alignment]"
"1:200666970-200667091 [Sequence]","DDX59","Reverse","ENSG00000130203","1125","1246","Forward","122 [Sequence]","185.0","7.7e-47","86.07 [Alignment]"
"1:10154105-10154219 [Sequence]","UBE4B","Reverse","ENSG00000130203","1132","1246","Forward","115 [Sequence]","184.0","8.9e-47","88.70 [Alignment]"
"5:30602854-30602966 [Sequence]","ENSG00000287176","Reverse","ENSG00000130203","1260","1372","Forward","113 [Sequence]","183.0","2.0e-46","87.61 [Alignment]"
"1:31402461-31402569 [Sequence]","","Forward","ENSG00000130203","1283","1391","Forward","109 [Sequence]","182.0","4.6e-46","88.99 [Alignment]"
"1:19216717-19216846 [Sequence]","EMC1, EMC1-AS1","Forward","ENSG00000130203","1117","1246","Forward","130 [Sequence]","182.0","5.3e-46","81.54 [Alignment]"
"2:25987428-25987550 [Sequence]","","Forward","ENSG00000130203","1546","1666","Forward","123 [Sequence]","182.0","6.1e-46","86.99 [Alignment]"
"1:183766945-183767059 [Sequence]","RGL1","Forward","ENSG00000130203","1536","1650","Forward","115 [Sequence]","181.0","7.0e-46","87.83 [Alignment]"
"17:3834639-3834744 [Sequence]","NCBP3","Reverse","ENSG00000130203","2429","2534","Forward","106 [Sequence]","181.0","7.7e-46","91.51 [Alignment]"
"1:24017057-24017186 [Sequence]","","Forward","ENSG00000130203","1098","1227","Forward","130 [Sequence]","181.0","9.0e-46","81.54 [Alignment]"
"1:27135229-27135341 [Sequence]","SLC9A1","Reverse","ENSG00000130203","1536","1648","Forward","113 [Sequence]","180.0","1.8e-45","89.38 [Alignment]"
"1:38459971-38460088 [Sequence]","","Forward","ENSG00000130203","1130","1247","Forward","118 [Sequence]","180.0","2.1e-45","85.59 [Alignment]"
"1:84068427-84068547 [Sequence]","","Forward","ENSG00000130203","1260","1382","Forward","123 [Sequence]","179.0","2.9e-45","85.37 [Alignment]"
"1:111671646-111671762 [Sequence]","RAP1A","Forward","ENSG00000130203","1264","1381","Forward","118 [Sequence]","178.0","5.7e-45","86.44 [Alignment]"
"1:169125703-169125808 [Sequence]","ATP1B1","Reverse","ENSG00000130203","2429","2534","Forward","106 [Sequence]","178.0","1.1e-44","90.57 [Alignment]"
"1:15396525-15396637 [Sequence]","FHAD1","Reverse","ENSG00000130203","1282","1394","Forward","113 [Sequence]","177.0","1.3e-44","84.96 [Alignment]"
"1:167093307-167093424 [Sequence]","GPA33","Reverse","ENSG00000130203","2429","2546","Forward","118 [Sequence]","176.0","2.6e-44","85.59 [Alignment]"
"2:33178924-33179040 [Sequence]","LTBP1","Forward","ENSG00000130203","2429","2545","Forward","117 [Sequence]","176.0","3.2e-44","85.47 [Alignment]"
"16:22285877-22285982 [Sequence]","EEF2K","Forward","ENSG00000130203","2429","2534","Forward","106 [Sequence]","175.0","4.7e-44","89.62 [Alignment]"
"1:195823256-195823383 [Sequence]","","Reverse","ENSG00000130203","1116","1246","Forward","131 [Sequence]","174.0","1.2e-43","80.15 [Alignment]"
"11:117009285-117009389 [Sequence]","SIK3","Forward","ENSG00000130203","1546","1650","Forward","105 [Sequence]","173.0","3.1e-43","90.48 [Alignment]"
"1:7884492-7884596 [Sequence]","","Reverse","ENSG00000130203","1537","1641","Forward","105 [Sequence]","172.0","4.3e-43","89.52 [Alignment]"
"10:71984029-71984145 [Sequence]","CHST3","Forward","ENSG00000130203","1098","1213","Forward","117 [Sequence]","172.0","5.7e-43","86.32 [Alignment]"
"1:31587507-31587606 [Sequence]","TINAGL1","Forward","ENSG00000130203","2435","2534","Forward","100 [Sequence]","172.0","7.1e-43","92.00 [Alignment]"
"1:36311878-36311973 [Sequence]","SH3D21","Forward","ENSG00000130203","2429","2524","Forward","96 [Sequence]","171.0","8.9e-43","92.71 [Alignment]"
"1:112374766-112374870 [Sequence]","","Reverse","ENSG00000130203","2431","2535","Forward","105 [Sequence]","171.0","1.4e-42","88.57 [Alignment]"
"1:197021271-197021373 [Sequence]","","Forward","ENSG00000130203","2429","2531","Forward","103 [Sequence]","169.0","3.3e-42","89.32 [Alignment]"
"1:111671526-111671633 [Sequence]","RAP1A","Forward","ENSG00000130203","1142","1249","Forward","108 [Sequence]","169.0","4.1e-42","87.96 [Alignment]"
"1:117439515-117439627 [Sequence]","MAN1A2","Reverse","ENSG00000130203","1691","1803","Forward","113 [Sequence]","167.0","1.4e-41","84.07 [Alignment]"
"11:117009432-117009547 [Sequence]","SIK3","Forward","ENSG00000130203","1679","1794","Forward","116 [Sequence]","167.0","1.5e-41","83.62 [Alignment]"
"1:11988892-11989000 [Sequence]","MFN2","Reverse","ENSG00000130203","1526","1634","Forward","109 [Sequence]","167.0","1.6e-41","86.24 [Alignment]"
"1:24847455-24847563 [Sequence]","","Forward","ENSG00000130203","1704","1812","Forward","109 [Sequence]","166.0","3.4e-41","85.32 [Alignment]"
"1:45638668-45638769 [Sequence]","GPBP1L1","Reverse","ENSG00000130203","2434","2535","Forward","102 [Sequence]","164.0","1.0e-40","88.24 [Alignment]"
"1:15347483-15347595 [Sequence]","FHAD1","Reverse","ENSG00000130203","1679","1791","Forward","113 [Sequence]","164.0","1.5e-40","84.07 [Alignment]"
"1:225815448-225815541 [Sequence]","EPHX1","Forward","ENSG00000130203","2441","2534","Forward","94 [Sequence]","164.0","1.7e-40","92.55 [Alignment]"
"1:9074767-9074858 [Sequence]","SLC2A5","Reverse","ENSG00000130203","2429","2520","Forward","92 [Sequence]","163.0","2.3e-40","92.39 [Alignment]"
"1:114541954-114542050 [Sequence]","","Reverse","ENSG00000130203","1284","1380","Forward","97 [Sequence]","162.0","3.9e-40","90.72 [Alignment]"
"1:204538742-204538861 [Sequence]","MDM4","Reverse","ENSG00000130203","1669","1788","Forward","120 [Sequence]","162.0","5.2e-40","80.83 [Alignment]"
"1:109063640-109063731 [Sequence]","TAF13","Forward","ENSG00000130203","1291","1382","Forward","92 [Sequence]","161.0","1.0e-39","91.30 [Alignment]"
"1:29185598-29185714 [Sequence]","","Forward","ENSG00000130203","2429","2545","Forward","117 [Sequence]","161.0","1.1e-39","81.20 [Alignment]"
"1:27139827-27139929 [Sequence]","SLC9A1","Forward","ENSG00000130203","1125","1227","Forward","103 [Sequence]","161.0","1.2e-39","87.38 [Alignment]"
"1:244324851-244324944 [Sequence]","ENSG00000289439","Forward","ENSG00000130203","2441","2534","Forward","94 [Sequence]","161.0","1.4e-39","91.49 [Alignment]"
"1:185132247-185132340 [Sequence]","TRMT1L","Reverse","ENSG00000130203","1288","1381","Forward","94 [Sequence]","160.0","1.6e-39","90.43 [Alignment]"
"19:47425693-47425782 [Sequence]","","Forward","ENSG00000130203","2429","2518","Forward","90 [Sequence]","160.0","2.0e-39","93.33 [Alignment]"
"1:222901560-222901673 [Sequence]","DISP1","Forward","ENSG00000130203","1123","1236","Forward","114 [Sequence]","160.0","2.5e-39","81.58 [Alignment]"
"1:213178289-213178391 [Sequence]","RPS6KC1","Reverse","ENSG00000130203","1259","1361","Forward","103 [Sequence]","154.0","9.5e-38","84.47 [Alignment]"
"1:31419556-31419645 [Sequence]","SERINC2","Forward","ENSG00000130203","1535","1624","Forward","90 [Sequence]","154.0","1.1e-37","93.33 [Alignment]"
"16:62379958-62380056 [Sequence]","","Forward","ENSG00000130203","1536","1634","Forward","99 [Sequence]","154.0","1.2e-37","86.87 [Alignment]"
"1:224996355-224996445 [Sequence]","DNAH14","Forward","ENSG00000130203","2440","2530","Forward","91 [Sequence]","154.0","1.3e-37","90.11 [Alignment]"
"1:21191386-21191473 [Sequence]","","Forward","ENSG00000130203","2447","2534","Forward","88 [Sequence]","154.0","1.8e-37","92.05 [Alignment]"
"1:8479107-8479220 [Sequence]","RERE","Reverse","ENSG00000130203","2420","2541","Forward","122 [Sequence]","153.0","3.0e-37","77.87 [Alignment]"
"1:202875922-202876014 [Sequence]","","Reverse","ENSG00000130203","2428","2520","Forward","93 [Sequence]","152.0","6.9e-37","89.25 [Alignment]"
"1:227076311-227076413 [Sequence]","CDC42BPA","Forward","ENSG00000130203","1145","1247","Forward","103 [Sequence]","151.0","1.1e-36","84.47 [Alignment]"
"1:180480781-180480881 [Sequence]","ACBD6","Reverse","ENSG00000130203","1260","1360","Forward","101 [Sequence]","150.0","2.4e-36","83.17 [Alignment]"
"2:26718792-26718891 [Sequence]","KCNK3","Forward","ENSG00000130203","2429","2529","Forward","101 [Sequence]","150.0","2.6e-36","87.13 [Alignment]"
"1:183676034-183676132 [Sequence]","RGL1","Forward","ENSG00000130203","1694","1792","Forward","99 [Sequence]","148.0","8.6e-36","83.84 [Alignment]"
"1:91327338-91327428 [Sequence]","HFM1","Reverse","ENSG00000130203","1198","1288","Forward","91 [Sequence]","148.0","8.8e-36","87.91 [Alignment]"
"5:30602979-30603070 [Sequence]","ENSG00000287176","Reverse","ENSG00000130203","1154","1245","Forward","92 [Sequence]","147.0","1.6e-35","89.13 [Alignment]"
"1:36437710-36437806 [Sequence]","OSCP1","Forward","ENSG00000130203","1284","1382","Forward","99 [Sequence]","147.0","1.8e-35","85.86 [Alignment]"
"1:234344173-234344265 [Sequence]","","Forward","ENSG00000130203","1154","1246","Forward","93 [Sequence]","147.0","2.0e-35","87.10 [Alignment]"
"1:852988-853083 [Sequence]","LINC01128","Forward","ENSG00000130203","1116","1211","Forward","96 [Sequence]","146.0","4.7e-35","86.46 [Alignment]"
"1:77294876-77294976 [Sequence]","AK5","Forward","ENSG00000130203","1654","1754","Forward","101 [Sequence]","145.0","4.9e-35","83.17 [Alignment]"
"11:9829028-9829109 [Sequence]","SBF2","Reverse","ENSG00000130203","2429","2510","Forward","82 [Sequence]","145.0","9.1e-35","92.68 [Alignment]"
"1:8509558-8509642 [Sequence]","RERE","Reverse","ENSG00000130203","2429","2513","Forward","85 [Sequence]","144.0","1.5e-34","91.76 [Alignment]"
"2:6307393-6307480 [Sequence]","ENSG00000234275","Forward","ENSG00000130203","2456","2543","Forward","88 [Sequence]","142.0","4.5e-34","88.64 [Alignment]"
"1:209545908-209545991 [Sequence]","ENSG00000224260","Forward","ENSG00000130203","2451","2534","Forward","84 [Sequence]","142.0","6.5e-34","90.48 [Alignment]"
"2:24020960-24021057 [Sequence]","MFSD2B","Forward","ENSG00000130203","1154","1251","Forward","98 [Sequence]","142.0","7.3e-34","83.67 [Alignment]"
"1:32789765-32789852 [Sequence]","YARS1","Forward","ENSG00000130203","1266","1355","Forward","90 [Sequence]","141.0","1.1e-33","88.89 [Alignment]"
"1:237520931-237521029 [Sequence]","RYR2","Reverse","ENSG00000130203","1116","1214","Forward","99 [Sequence]","140.0","1.9e-33","81.82 [Alignment]"
"2:30123092-30123174 [Sequence]","ENSG00000233862","Forward","ENSG00000130203","1536","1618","Forward","83 [Sequence]","139.0","3.5e-33","90.36 [Alignment]"
"1:223722475-223722564 [Sequence]","CAPN2","Forward","ENSG00000130203","2430","2520","Forward","91 [Sequence]","138.0","6.7e-33","86.81 [Alignment]"
"1:150861560-150861644 [Sequence]","ARNT","Reverse","ENSG00000130203","2429","2513","Forward","85 [Sequence]","137.0","1.4e-32","88.24 [Alignment]"
"2:20123945-20124023 [Sequence]","","Forward","ENSG00000130203","2457","2535","Forward","79 [Sequence]","137.0","1.5e-32","93.67 [Alignment]"
"1:110398608-110398684 [Sequence]","LAMTOR5-AS1","Reverse","ENSG00000130203","2444","2520","Forward","77 [Sequence]","137.0","1.6e-32","93.51 [Alignment]"
"1:184572877-184572962 [Sequence]","C1orf21","Reverse","ENSG00000130203","1097","1182","Forward","86 [Sequence]","137.0","2.0e-32","89.53 [Alignment]"
"1:27231409-27231496 [Sequence]","ENSG00000224311","Reverse","ENSG00000130203","2454","2541","Forward","88 [Sequence]","135.0","6.7e-32","85.23 [Alignment]"
"1:36104315-36104402 [Sequence]","COL8A2","Forward","ENSG00000130203","1631","1717","Forward","88 [Sequence]","134.0","1.1e-31","88.64 [Alignment]"
"1:31402277-31402362 [Sequence]","","Forward","ENSG00000130203","1097","1182","Forward","86 [Sequence]","134.0","1.3e-31","88.37 [Alignment]"
"1:222901730-222901815 [Sequence]","DISP1","Forward","ENSG00000130203","1296","1381","Forward","86 [Sequence]","132.0","7.0e-31","83.72 [Alignment]"
"1:243544919-243544998 [Sequence]","AKT3","Forward","ENSG00000130203","2467","2546","Forward","80 [Sequence]","132.0","7.2e-31","90.00 [Alignment]"
"1:77294793-77294871 [Sequence]","AK5","Forward","ENSG00000130203","1572","1650","Forward","79 [Sequence]","130.0","2.1e-30","92.41 [Alignment]"
"4:107970734-107970812 [Sequence]","CYP2U1-AS1","Reverse","ENSG00000130203","1546","1624","Forward","79 [Sequence]","129.0","3.8e-30","89.87 [Alignment]"
"1:11276440-11276514 [Sequence]","UBIAD1","Reverse","ENSG00000130203","1260","1334","Forward","75 [Sequence]","129.0","5.4e-30","92.00 [Alignment]"
"1:235610861-235610938 [Sequence]","GNG4","Reverse","ENSG00000130203","1260","1334","Forward","78 [Sequence]","127.0","1.8e-29","92.31 [Alignment]"
"1:109064042-109064133 [Sequence]","TAF13","Forward","ENSG00000130203","1691","1782","Forward","92 [Sequence]","126.0","2.8e-29","81.52 [Alignment]"
"1:244923974-244924056 [Sequence]","","Forward","ENSG00000130203","1102","1183","Forward","83 [Sequence]","126.0","3.7e-29","89.16 [Alignment]"
"1:236307203-236307274 [Sequence]","","Reverse","ENSG00000130203","2436","2507","Forward","72 [Sequence]","125.0","7.3e-29","91.67 [Alignment]"
"1:100172417-100172497 [Sequence]","LRRC39","Reverse","ENSG00000130203","2453","2533","Forward","81 [Sequence]","125.0","8.7e-29","87.65 [Alignment]"
"1:212631951-212632019 [Sequence]","","Reverse","ENSG00000130203","1116","1184","Forward","69 [Sequence]","125.0","9.7e-29","94.20 [Alignment]"
"1:36436144-36436237 [Sequence]","OSCP1","Reverse","ENSG00000130203","1691","1784","Forward","94 [Sequence]","124.0","2.0e-28","79.79 [Alignment]"
"1:114542085-114542170 [Sequence]","","Reverse","ENSG00000130203","1161","1246","Forward","86 [Sequence]","123.0","3.6e-28","83.72 [Alignment]"
"1:155313986-155314051 [Sequence]","FDPS","Forward","ENSG00000130203","1260","1325","Forward","66 [Sequence]","121.0","1.2e-27","95.45 [Alignment]"
"1:149570554-149570622 [Sequence]","","Reverse","ENSG00000130203","2429","2497","Forward","69 [Sequence]","121.0","1.6e-27","91.30 [Alignment]"
"1:150310727-150310802 [Sequence]","","Reverse","ENSG00000130203","1249","1325","Forward","77 [Sequence]","120.0","2.8e-27","92.21 [Alignment]"
"2:24423984-24424065 [Sequence]","","Forward","ENSG00000130203","1102","1183","Forward","82 [Sequence]","117.0","1.7e-26","82.93 [Alignment]"
"1:29814238-29814315 [Sequence]","","Reverse","ENSG00000130203","1726","1803","Forward","78 [Sequence]","117.0","2.1e-26","84.62 [Alignment]"
"1:31307156-31307223 [Sequence]","ZCCHC17","Forward","ENSG00000130203","2429","2496","Forward","68 [Sequence]","116.0","2.8e-26","91.18 [Alignment]"
"1:88806195-88806268 [Sequence]","PKN2","Forward","ENSG00000130203","1131","1204","Forward","74 [Sequence]","116.0","3.5e-26","87.84 [Alignment]"
"1:113099259-113099344 [Sequence]","LRIG2","Reverse","ENSG00000130203","1718","1803","Forward","86 [Sequence]","115.0","5.5e-26","79.07 [Alignment]"
"1:67353308-67353376 [Sequence]","IL12RB2","Reverse","ENSG00000130203","2456","2524","Forward","69 [Sequence]","114.0","1.2e-25","89.86 [Alignment]"
"1:236497963-236498037 [Sequence]","EDARADD","Reverse","ENSG00000130203","1723","1799","Forward","77 [Sequence]","114.0","1.6e-25","87.01 [Alignment]"
"1:16097080-16097149 [Sequence]","","Reverse","ENSG00000130203","2429","2497","Forward","70 [Sequence]","113.0","2.8e-25","92.86 [Alignment]"
"1:1383647-1383714 [Sequence]","","Reverse","ENSG00000130203","2482","2549","Forward","68 [Sequence]","111.0","9.0e-25","89.71 [Alignment]"
"1:160979797-160979859 [Sequence]","","Reverse","ENSG00000130203","1259","1321","Forward","63 [Sequence]","109.0","4.3e-24","93.65 [Alignment]"
"1:1992637-1992709 [Sequence]","CFAP74","Forward","ENSG00000130203","1254","1326","Forward","73 [Sequence]","109.0","4.8e-24","86.30 [Alignment]"
"1:207347498-207347558 [Sequence]","CD55","Forward","ENSG00000130203","1331","1391","Forward","61 [Sequence]","108.0","9.7e-24","91.80 [Alignment]"
"14:100139986-100140045 [Sequence]","EVL","Reverse","ENSG00000130203","2472","2531","Forward","60 [Sequence]","107.0","1.4e-23","95.00 [Alignment]"
"1:43759228-43759294 [Sequence]","ENSG00000284989, ST3GAL3","Reverse","ENSG00000130203","1260","1326","Forward","67 [Sequence]","107.0","1.7e-23","89.55 [Alignment]"
"1:233018114-233018190 [Sequence]","PCNX2","Reverse","ENSG00000130203","1657","1733","Forward","77 [Sequence]","106.0","3.4e-23","81.82 [Alignment]"
"1:40466950-40467017 [Sequence]","","Reverse","ENSG00000130203","1715","1782","Forward","68 [Sequence]","106.0","4.6e-23","86.76 [Alignment]"
"1:42441856-42441914 [Sequence]","ZMYND12","Forward","ENSG00000130203","1329","1387","Forward","59 [Sequence]","104.0","1.5e-22","91.53 [Alignment]"
"1:155778993-155779059 [Sequence]","GON4L","Reverse","ENSG00000130203","1316","1384","Forward","69 [Sequence]","103.0","2.3e-22","86.96 [Alignment]"
"1:110471150-110471205 [Sequence]","","Reverse","ENSG00000130203","1582","1637","Forward","56 [Sequence]","103.0","2.8e-22","96.43 [Alignment]"
"1:26598629-26598690 [Sequence]","","Forward","ENSG00000130203","2429","2490","Forward","62 [Sequence]","102.0","7.7e-22","88.71 [Alignment]"
"1:70879871-70879943 [Sequence]","PTGER3","Reverse","ENSG00000130203","1260","1334","Forward","75 [Sequence]","101.0","1.0e-21","84.00 [Alignment]"
"2:32462889-32462951 [Sequence]","BIRC6","Forward","ENSG00000130203","1741","1803","Forward","63 [Sequence]","101.0","1.6e-21","88.89 [Alignment]"
"1:28341072-28341131 [Sequence]","","Forward","ENSG00000130203","2485","2544","Forward","60 [Sequence]","100.0","2.4e-21","90.00 [Alignment]"
"1:183767066-183767146 [Sequence]","RGL1","Forward","ENSG00000130203","1653","1733","Forward","81 [Sequence]","100.0","2.8e-21","75.31 [Alignment]"
"1:103300637-103300700 [Sequence]","","Reverse","ENSG00000130203","1261","1322","Forward","64 [Sequence]","100.0","3.3e-21","90.62 [Alignment]"
"1:150310806-150310863 [Sequence]","","Reverse","ENSG00000130203","1189","1246","Forward","58 [Sequence]","98.0","7.3e-21","91.38 [Alignment]"
"1:187483510-187483564 [Sequence]","LINC01036","Forward","ENSG00000130203","1192","1246","Forward","55 [Sequence]","98.0","8.6e-21","92.73 [Alignment]"
"1:89764599-89764659 [Sequence]","ENSG00000271949, LRRC8C","Reverse","ENSG00000130203","1261","1321","Forward","61 [Sequence]","97.0","1.6e-20","88.52 [Alignment]"
"8:53917650-53917700 [Sequence]","RGS20","Forward","ENSG00000130203","1553","1603","Forward","51 [Sequence]","95.0","6.1e-20","96.08 [Alignment]"
"1:1992930-1992987 [Sequence]","CFAP74","Forward","ENSG00000130203","1536","1593","Forward","58 [Sequence]","95.0","7.1e-20","89.66 [Alignment]"
"1:187483411-187483466 [Sequence]","LINC01036","Forward","ENSG00000130203","1097","1152","Forward","56 [Sequence]","95.0","8.3e-20","91.07 [Alignment]"
"1:70879485-70879536 [Sequence]","PTGER3","Reverse","ENSG00000130203","1536","1587","Forward","52 [Sequence]","93.0","3.1e-19","94.23 [Alignment]"
"1:204018888-204018958 [Sequence]","","Forward","ENSG00000130203","1588","1655","Forward","71 [Sequence]","93.0","4.0e-19","81.69 [Alignment]"
"1:244924060-244924120 [Sequence]","","Forward","ENSG00000130203","1185","1246","Forward","62 [Sequence]","92.0","5.2e-19","88.71 [Alignment]"
"1:180480893-180480944 [Sequence]","ACBD6","Reverse","ENSG00000130203","1195","1246","Forward","52 [Sequence]","92.0","5.4e-19","92.31 [Alignment]"
"1:70879954-70880006 [Sequence]","PTGER3","Reverse","ENSG00000130203","1195","1247","Forward","53 [Sequence]","92.0","7.4e-19","90.57 [Alignment]"
"1:17510313-17510366 [Sequence]","","Reverse","ENSG00000130203","2429","2482","Forward","54 [Sequence]","92.0","7.5e-19","90.74 [Alignment]"
"1:23513986-23514037 [Sequence]","E2F2","Reverse","ENSG00000130203","1195","1246","Forward","52 [Sequence]","90.0","2.3e-18","92.31 [Alignment]"
"1:192390710-192390773 [Sequence]","ENSG00000285280","Forward","ENSG00000130203","1263","1327","Forward","65 [Sequence]","90.0","3.1e-18","86.15 [Alignment]"
"1:233018262-233018321 [Sequence]","PCNX2","Reverse","ENSG00000130203","1526","1585","Forward","60 [Sequence]","89.0","3.6e-18","83.33 [Alignment]"
"1:33213644-33213695 [Sequence]","","Reverse","ENSG00000130203","1260","1311","Forward","52 [Sequence]","89.0","4.9e-18","92.31 [Alignment]"
"1:233636925-233636976 [Sequence]","KCNK1","Reverse","ENSG00000130203","2484","2535","Forward","52 [Sequence]","89.0","5.2e-18","92.31 [Alignment]"
"1:2779571-2779621 [Sequence]","TTC34, ENSG00000285945","Reverse","ENSG00000130203","1526","1576","Forward","51 [Sequence]","89.0","5.8e-18","92.16 [Alignment]"
"1:40723915-40723962 [Sequence]","NFYC","Forward","ENSG00000130203","2484","2531","Forward","48 [Sequence]","87.0","1.7e-17","93.75 [Alignment]"
"1:153677281-153677326 [Sequence]","","Forward","ENSG00000130203","2500","2545","Forward","46 [Sequence]","87.0","2.3e-17","97.83 [Alignment]"
"1:183320330-183320375 [Sequence]","NMNAT2","Forward","ENSG00000130203","1534","1579","Forward","46 [Sequence]","87.0","2.6e-17","97.83 [Alignment]"
"1:150310673-150310725 [Sequence]","","Reverse","ENSG00000130203","1329","1381","Forward","53 [Sequence]","87.0","2.7e-17","86.79 [Alignment]"
"1:52015998-52016047 [Sequence]","","Forward","ENSG00000130203","2441","2490","Forward","50 [Sequence]","86.0","3.0e-17","92.00 [Alignment]"
"1:52251239-52251285 [Sequence]","ZFYVE9","Forward","ENSG00000130203","1260","1306","Forward","47 [Sequence]","86.0","3.4e-17","95.74 [Alignment]"
"1:204019053-204019115 [Sequence]","","Forward","ENSG00000130203","1741","1803","Forward","63 [Sequence]","86.0","3.7e-17","80.95 [Alignment]"
"1:10153752-10153798 [Sequence]","UBE4B","Reverse","ENSG00000130203","1260","1306","Forward","47 [Sequence]","84.0","1.3e-16","95.74 [Alignment]"
"1:40467032-40467092 [Sequence]","","Reverse","ENSG00000130203","1640","1700","Forward","61 [Sequence]","84.0","1.3e-16","81.97 [Alignment]"
"1:184572814-184572863 [Sequence]","C1orf21","Reverse","ENSG00000130203","1197","1246","Forward","50 [Sequence]","83.0","3.0e-16","88.00 [Alignment]"
"1:36437951-36438001 [Sequence]","OSCP1","Forward","ENSG00000130203","1583","1633","Forward","51 [Sequence]","82.0","4.4e-16","92.16 [Alignment]"
"1:1992729-1992772 [Sequence]","CFAP74","Forward","ENSG00000130203","1348","1391","Forward","44 [Sequence]","82.0","5.9e-16","95.45 [Alignment]"
"1:247836119-247836181 [Sequence]","","Forward","ENSG00000130203","1653","1715","Forward","63 [Sequence]","82.0","6.7e-16","77.78 [Alignment]"
"1:185132476-185132525 [Sequence]","TRMT1L","Reverse","ENSG00000130203","1102","1151","Forward","50 [Sequence]","82.0","7.2e-16","90.00 [Alignment]"
"1:233018200-233018260 [Sequence]","PCNX2","Reverse","ENSG00000130203","1588","1656","Forward","69 [Sequence]","82.0","7.4e-16","82.61 [Alignment]"
"1:36438041-36438087 [Sequence]","OSCP1","Forward","ENSG00000130203","1530","1576","Forward","47 [Sequence]","82.0","7.6e-16","93.62 [Alignment]"
"1:109063881-109063923 [Sequence]","TAF13","Forward","ENSG00000130203","1530","1572","Forward","43 [Sequence]","81.0","1.1e-15","97.67 [Alignment]"
"1:36436363-36436405 [Sequence]","OSCP1","Reverse","ENSG00000130203","1529","1571","Forward","43 [Sequence]","81.0","1.3e-15","97.67 [Alignment]"
"1:244924161-244924206 [Sequence]","","Forward","ENSG00000130203","1285","1330","Forward","46 [Sequence]","81.0","1.6e-15","93.48 [Alignment]"
"1:38977423-38977468 [Sequence]","","Forward","ENSG00000130203","2501","2546","Forward","46 [Sequence]","79.0","4.0e-15","93.48 [Alignment]"
"1:93511690-93511729 [Sequence]","FNBP1L","Reverse","ENSG00000130203","1348","1387","Forward","40 [Sequence]","79.0","4.2e-15","100.00 [Alignment]"
"1:150310877-150310922 [Sequence]","","Reverse","ENSG00000130203","1130","1175","Forward","46 [Sequence]","79.0","5.5e-15","91.30 [Alignment]"
"1:63632797-63632839 [Sequence]","PGM1","Reverse","ENSG00000130203","1282","1324","Forward","43 [Sequence]","78.0","1.0e-14","95.35 [Alignment]"
"1:52016054-52016096 [Sequence]","","Forward","ENSG00000130203","2499","2541","Forward","43 [Sequence]","78.0","1.1e-14","95.35 [Alignment]"
"1:112994171-112994214 [Sequence]","SLC16A1-AS1, ENSG00000287807","Reverse","ENSG00000130203","1529","1572","Forward","44 [Sequence]","78.0","1.1e-14","93.18 [Alignment]"
"1:146003730-146003774 [Sequence]","","Forward","ENSG00000130203","1102","1146","Forward","45 [Sequence]","78.0","1.3e-14","91.11 [Alignment]"
"1:183748653-183748697 [Sequence]","RGL1","Forward","ENSG00000130203","2493","2537","Forward","45 [Sequence]","77.0","1.7e-14","93.33 [Alignment]"
"1:21781142-21781191 [Sequence]","USP48","Reverse","ENSG00000130203","2491","2542","Forward","52 [Sequence]","76.0","4.9e-14","88.46 [Alignment]"
"1:31438143-31438185 [Sequence]","","Forward","ENSG00000130203","1691","1733","Forward","43 [Sequence]","74.0","1.2e-13","90.70 [Alignment]"
"1:217847825-217847863 [Sequence]","SPATA17","Reverse","ENSG00000130203","2432","2470","Forward","39 [Sequence]","74.0","1.3e-13","97.44 [Alignment]"
"1:160979897-160979936 [Sequence]","","Reverse","ENSG00000130203","1195","1234","Forward","40 [Sequence]","74.0","2.0e-13","95.00 [Alignment]"
"7:152759134-152759170 [Sequence]","ENSG00000289146","Forward","ENSG00000130203","1348","1384","Forward","37 [Sequence]","73.0","2.6e-13","100.00 [Alignment]"
"1:55487828-55487872 [Sequence]","ENSG00000234810","Reverse","ENSG00000130203","1740","1784","Forward","45 [Sequence]","72.0","5.2e-13","88.89 [Alignment]"
"1:93849838-93849877 [Sequence]","","Reverse","ENSG00000130203","1764","1803","Forward","40 [Sequence]","72.0","8.7e-13","92.50 [Alignment]"
"1:161043977-161044018 [Sequence]","USF1","Forward","ENSG00000130203","1122","1163","Forward","42 [Sequence]","71.0","1.2e-12","90.48 [Alignment]"
"7:152758483-152758532 [Sequence]","ENSG00000289146","Forward","ENSG00000130203","1743","1792","Forward","50 [Sequence]","70.0","2.5e-12","82.00 [Alignment]"
"1:113005024-113005075 [Sequence]","SLC16A1-AS1","Reverse","ENSG00000130203","1094","1146","Forward","54 [Sequence]","69.0","4.3e-12","87.04 [Alignment]"
"1:165888667-165888701 [Sequence]","UCK2","Forward","ENSG00000130203","2430","2464","Forward","35 [Sequence]","69.0","4.5e-12","100.00 [Alignment]"
"1:43759174-43759208 [Sequence]","ENSG00000284989, ST3GAL3","Reverse","ENSG00000130203","1348","1382","Forward","35 [Sequence]","69.0","4.5e-12","100.00 [Alignment]"
"1:204018846-204018885 [Sequence]","","Forward","ENSG00000130203","1546","1585","Forward","40 [Sequence]","69.0","5.5e-12","92.50 [Alignment]"
"1:195132509-195132552 [Sequence]","","Reverse","ENSG00000130203","1588","1631","Forward","44 [Sequence]","68.0","1.0e-11","88.64 [Alignment]"
"1:183675919-183675961 [Sequence]","RGL1","Forward","ENSG00000130203","1580","1622","Forward","43 [Sequence]","68.0","1.1e-11","88.37 [Alignment]"
"1:146003979-146004016 [Sequence]","","Forward","ENSG00000130203","1354","1391","Forward","38 [Sequence]","67.0","1.7e-11","92.11 [Alignment]"
"1:88806284-88806325 [Sequence]","PKN2","Forward","ENSG00000130203","1205","1246","Forward","42 [Sequence]","67.0","1.7e-11","85.71 [Alignment]"
"1:110459921-110459956 [Sequence]","","Reverse","ENSG00000130203","1638","1673","Forward","36 [Sequence]","67.0","2.2e-11","97.22 [Alignment]"
"1:243544880-243544915 [Sequence]","AKT3","Forward","ENSG00000130203","2429","2464","Forward","36 [Sequence]","67.0","2.6e-11","97.22 [Alignment]"
"1:222901695-222901728 [Sequence]","DISP1","Forward","ENSG00000130203","1260","1293","Forward","34 [Sequence]","66.0","4.6e-11","100.00 [Alignment]"
"1:236498202-236498234 [Sequence]","EDARADD","Reverse","ENSG00000130203","1526","1558","Forward","33 [Sequence]","66.0","4.7e-11","100.00 [Alignment]"
"1:223975492-223975530 [Sequence]","GTF2IP20","Reverse","ENSG00000130203","1260","1298","Forward","39 [Sequence]","66.0","4.8e-11","92.31 [Alignment]"
"1:110546098-110546139 [Sequence]","KCNA2","Reverse","ENSG00000130203","1532","1571","Forward","42 [Sequence]","66.0","5.4e-11","92.86 [Alignment]"
"1:24847152-24847186 [Sequence]","","Forward","ENSG00000130203","1348","1382","Forward","35 [Sequence]","65.0","8.3e-11","97.14 [Alignment]"
"1:42413940-42413974 [Sequence]","RIMKLA","Forward","ENSG00000130203","2429","2463","Forward","35 [Sequence]","65.0","1.1e-10","97.14 [Alignment]"
"1:192390793-192390827 [Sequence]","ENSG00000285280","Forward","ENSG00000130203","1348","1382","Forward","35 [Sequence]","64.0","1.6e-10","94.29 [Alignment]"
"1:204539239-204539274 [Sequence]","MDM4","Reverse","ENSG00000130203","1536","1571","Forward","36 [Sequence]","64.0","1.7e-10","94.44 [Alignment]"
"1:155314434-155314468 [Sequence]","FDPS","Forward","ENSG00000130203","1348","1382","Forward","35 [Sequence]","64.0","1.9e-10","94.29 [Alignment]"
"1:190945099-190945134 [Sequence]","ENSG00000285638","Forward","ENSG00000130203","2447","2482","Forward","36 [Sequence]","63.0","3.3e-10","91.67 [Alignment]"
"1:114542181-114542214 [Sequence]","","Reverse","ENSG00000130203","1116","1149","Forward","34 [Sequence]","62.0","6.0e-10","94.12 [Alignment]"
"1:232205448-232205482 [Sequence]","","Forward","ENSG00000130203","1357","1391","Forward","35 [Sequence]","62.0","7.2e-10","91.43 [Alignment]"
"1:169463032-169463062 [Sequence]","","Reverse","ENSG00000130203","2490","2520","Forward","31 [Sequence]","62.0","9.1e-10","100.00 [Alignment]"
"2:32670004-32670039 [Sequence]","TTC27","Forward","ENSG00000130203","1217","1252","Forward","36 [Sequence]","61.0","9.7e-10","91.67 [Alignment]"
"1:110432711-110432741 [Sequence]","LAMTOR5-AS1","Reverse","ENSG00000130203","1768","1798","Forward","31 [Sequence]","61.0","1.0e-09","100.00 [Alignment]"
"1:33213577-33213609 [Sequence]","","Reverse","ENSG00000130203","1348","1380","Forward","33 [Sequence]","61.0","1.6e-09","96.97 [Alignment]"
"1:10153678-10153709 [Sequence]","UBE4B","Reverse","ENSG00000130203","1351","1382","Forward","32 [Sequence]","61.0","1.8e-09","96.88 [Alignment]"
"1:85023107-85023141 [Sequence]","MCOLN3, DNAI3","Forward","ENSG00000130203","1117","1151","Forward","35 [Sequence]","60.0","2.4e-09","91.43 [Alignment]"
"1:31406585-31406621 [Sequence]","","Reverse","ENSG00000130203","1536","1572","Forward","37 [Sequence]","60.0","2.4e-09","91.89 [Alignment]"
"1:63632739-63632771 [Sequence]","PGM1","Reverse","ENSG00000130203","1352","1384","Forward","33 [Sequence]","60.0","2.8e-09","93.94 [Alignment]"
"1:232205206-232205240 [Sequence]","","Forward","ENSG00000130203","1117","1151","Forward","35 [Sequence]","60.0","3.1e-09","91.43 [Alignment]"
"1:19216945-19216977 [Sequence]","EMC1, EMC1-AS1","Forward","ENSG00000130203","1348","1380","Forward","33 [Sequence]","60.0","3.2e-09","93.94 [Alignment]"
"1:43759423-43759454 [Sequence]","ENSG00000284989, ST3GAL3","Reverse","ENSG00000130203","1098","1129","Forward","32 [Sequence]","59.0","3.9e-09","96.88 [Alignment]"
"1:157087-157119 [Sequence]","ENSG00000241860","Reverse","ENSG00000130203","1097","1129","Forward","33 [Sequence]","59.0","4.0e-09","96.97 [Alignment]"
"1:757394-757426 [Sequence]","ENSG00000230021, ENSG00000228327","Reverse","ENSG00000130203","1097","1129","Forward","33 [Sequence]","59.0","4.0e-09","96.97 [Alignment]"
"1:515679-515711 [Sequence]","ENSG00000237094","Reverse","ENSG00000130203","1097","1129","Forward","33 [Sequence]","59.0","4.0e-09","96.97 [Alignment]"
"1:222502789-222502821 [Sequence]","ENSG00000276997","Reverse","ENSG00000130203","1097","1129","Forward","33 [Sequence]","59.0","4.0e-09","96.97 [Alignment]"
"1:223975302-223975334 [Sequence]","GTF2IP20","Reverse","ENSG00000130203","1097","1129","Forward","33 [Sequence]","59.0","4.0e-09","96.97 [Alignment]"
"2:29769088-29769122 [Sequence]","ALK","Forward","ENSG00000130203","2500","2534","Forward","35 [Sequence]","59.0","4.6e-09","91.43 [Alignment]"
"1:24847371-24847414 [Sequence]","","Forward","ENSG00000130203","1611","1657","Forward","47 [Sequence]","59.0","5.6e-09","82.98 [Alignment]"
"1:146028065-146028101 [Sequence]","HJV","Reverse","ENSG00000130203","1536","1572","Forward","37 [Sequence]","58.0","9.5e-09","86.49 [Alignment]"
"4:107970541-107970573 [Sequence]","CYP2U1-AS1","Reverse","ENSG00000130203","1771","1803","Forward","33 [Sequence]","57.0","1.6e-08","90.91 [Alignment]"
"1:190945153-190945187 [Sequence]","ENSG00000285638","Forward","ENSG00000130203","2500","2534","Forward","35 [Sequence]","57.0","1.7e-08","91.43 [Alignment]"
"1:185132062-185132097 [Sequence]","TRMT1L","Reverse","ENSG00000130203","1152","1187","Forward","36 [Sequence]","57.0","1.8e-08","88.89 [Alignment]"
"1:161044047-161044079 [Sequence]","USF1","Forward","ENSG00000130203","1195","1227","Forward","33 [Sequence]","57.0","1.8e-08","90.91 [Alignment]"
"1:202776436-202776468 [Sequence]","KDM5B","Forward","ENSG00000130203","1701","1733","Forward","33 [Sequence]","57.0","2.7e-08","93.94 [Alignment]"
"1:42414009-42414040 [Sequence]","RIMKLA","Forward","ENSG00000130203","2499","2530","Forward","32 [Sequence]","56.0","4.5e-08","93.75 [Alignment]"
"1:195132452-195132483 [Sequence]","","Reverse","ENSG00000130203","1653","1684","Forward","32 [Sequence]","55.0","6.5e-08","93.75 [Alignment]"
"14:100140061-100140088 [Sequence]","EVL","Reverse","ENSG00000130203","2429","2456","Forward","28 [Sequence]","55.0","7.3e-08","100.00 [Alignment]"
"1:236498350-236498378 [Sequence]","EDARADD","Reverse","ENSG00000130203","1348","1376","Forward","29 [Sequence]","55.0","1.1e-07","96.55 [Alignment]"
"1:10154221-10154254 [Sequence]","UBE4B","Reverse","ENSG00000130203","1094","1129","Forward","36 [Sequence]","54.0","2.0e-07","91.67 [Alignment]"
"1:32790146-32790172 [Sequence]","YARS1","Forward","ENSG00000130203","1356","1382","Forward","27 [Sequence]","54.0","2.3e-07","100.00 [Alignment]"
"1:36076220-36076246 [Sequence]","","Forward","ENSG00000130203","1546","1572","Forward","27 [Sequence]","53.0","2.7e-07","100.00 [Alignment]"
"2:29768925-29768952 [Sequence]","ALK","Forward","ENSG00000130203","2472","2499","Forward","28 [Sequence]","53.0","2.8e-07","96.43 [Alignment]"
"22:19952263-19952290 [Sequence]","COMT","Reverse","ENSG00000130203","1123","1150","Forward","28 [Sequence]","53.0","2.8e-07","96.43 [Alignment]"
"1:232205312-232205339 [Sequence]","","Forward","ENSG00000130203","1220","1247","Forward","28 [Sequence]","53.0","4.1e-07","96.43 [Alignment]"
"1:36268585-36268613 [Sequence]","THRAP3","Forward","ENSG00000130203","2463","2491","Forward","29 [Sequence]","53.0","4.2e-07","96.55 [Alignment]"
"1:19216891-19216919 [Sequence]","EMC1, EMC1-AS1","Forward","ENSG00000130203","1293","1321","Forward","29 [Sequence]","53.0","4.3e-07","96.55 [Alignment]"
"1:26598703-26598731 [Sequence]","","Forward","ENSG00000130203","2505","2533","Forward","29 [Sequence]","52.0","5.6e-07","96.55 [Alignment]"
"1:23513633-23513660 [Sequence]","E2F2","Reverse","ENSG00000130203","1160","1187","Forward","28 [Sequence]","51.0","1.2e-06","96.43 [Alignment]"
"1:103300578-103300613 [Sequence]","","Reverse","ENSG00000130203","1348","1383","Forward","36 [Sequence]","50.0","3.2e-06","83.33 [Alignment]"
"1:202775686-202775711 [Sequence]","KDM5B","Forward","ENSG00000130203","1637","1662","Forward","26 [Sequence]","50.0","3.5e-06","100.00 [Alignment]"
"1:31452294-31452318 [Sequence]","","Forward","ENSG00000130203","1768","1792","Forward","25 [Sequence]","50.0","3.5e-06","100.00 [Alignment]"
"1:31406523-31406551 [Sequence]","","Reverse","ENSG00000130203","1606","1634","Forward","29 [Sequence]","50.0","3.6e-06","89.66 [Alignment]"
"1:32790238-32790267 [Sequence]","YARS1","Forward","ENSG00000130203","1536","1565","Forward","30 [Sequence]","49.0","4.3e-06","90.00 [Alignment]"
"1:146028844-146028869 [Sequence]","HJV","Reverse","ENSG00000130203","1702","1727","Forward","26 [Sequence]","49.0","6.3e-06","96.15 [Alignment]"
"1:223975457-223975489 [Sequence]","GTF2IP20","Reverse","ENSG00000130203","1301","1335","Forward","35 [Sequence]","48.0","8.4e-06","88.57 [Alignment]"
"1:36101835-36101862 [Sequence]","COL8A2","Forward","ENSG00000130203","1599","1626","Forward","28 [Sequence]","48.0","1.1e-05","92.86 [Alignment]"
"1:110445122-110445145 [Sequence]","","Reverse","ENSG00000130203","1710","1733","Forward","24 [Sequence]","48.0","1.3e-05","100.00 [Alignment]"
"1:77294981-77295010 [Sequence]","AK5","Forward","ENSG00000130203","1768","1799","Forward","32 [Sequence]","47.0","1.7e-05","90.62 [Alignment]"
"1:169462509-169462533 [Sequence]","","Reverse","ENSG00000130203","2522","2546","Forward","25 [Sequence]","47.0","2.0e-05","96.00 [Alignment]"
"1:9923340-9923366 [Sequence]","LZIC","Forward","ENSG00000130203","1221","1247","Forward","27 [Sequence]","47.0","2.8e-05","92.59 [Alignment]"
"1:109063993-109064023 [Sequence]","TAF13","Forward","ENSG00000130203","1644","1673","Forward","31 [Sequence]","46.0","3.0e-05","93.55 [Alignment]"
"1:146821758-146821783 [Sequence]","HYDIN2","Reverse","ENSG00000130203","2508","2533","Forward","26 [Sequence]","46.0","3.1e-05","96.15 [Alignment]"
"1:85023317-85023342 [Sequence]","MCOLN3, DNAI3","Forward","ENSG00000130203","1192","1217","Forward","26 [Sequence]","46.0","3.1e-05","92.31 [Alignment]"
"1:187483576-187483599 [Sequence]","LINC01036","Forward","ENSG00000130203","1260","1283","Forward","24 [Sequence]","46.0","3.6e-05","100.00 [Alignment]"
"1:36438145-36438176 [Sequence]","OSCP1","Forward","ENSG00000130203","1634","1666","Forward","33 [Sequence]","46.0","4.8e-05","90.91 [Alignment]"
"1:33213879-33213902 [Sequence]","","Reverse","ENSG00000130203","1085","1108","Forward","24 [Sequence]","46.0","5.3e-05","100.00 [Alignment]"
"1:36101811-36101833 [Sequence]","COL8A2","Forward","ENSG00000130203","1574","1596","Forward","23 [Sequence]","45.0","6.1e-05","100.00 [Alignment]"
"1:113099378-113099405 [Sequence]","LRIG2","Reverse","ENSG00000130203","1656","1683","Forward","28 [Sequence]","45.0","7.2e-05","89.29 [Alignment]"
"1:89764769-89764790 [Sequence]","ENSG00000271949, LRRC8C","Reverse","ENSG00000130203","1130","1151","Forward","22 [Sequence]","44.0","1.7e-04","100.00 [Alignment]"
"2:24020910-24020937 [Sequence]","MFSD2B","Forward","ENSG00000130203","1105","1131","Forward","28 [Sequence]","44.0","1.8e-04","96.43 [Alignment]"
"1:237520893-237520927 [Sequence]","RYR2","Reverse","ENSG00000130203","1217","1251","Forward","35 [Sequence]","44.0","1.9e-04","74.29 [Alignment]"
"1:85023288-85023309 [Sequence]","MCOLN3, DNAI3","Forward","ENSG00000130203","1300","1321","Forward","22 [Sequence]","44.0","2.2e-04","100.00 [Alignment]"
"1:146821940-146821961 [Sequence]","HYDIN2","Reverse","ENSG00000130203","2471","2492","Forward","22 [Sequence]","44.0","2.2e-04","100.00 [Alignment]"
"1:31406429-31406450 [Sequence]","","Reverse","ENSG00000130203","1574","1595","Forward","22 [Sequence]","43.0","2.5e-04","100.00 [Alignment]"
"1:114542052-114542073 [Sequence]","","Reverse","ENSG00000130203","1260","1281","Forward","22 [Sequence]","42.0","6.2e-04","100.00 [Alignment]"
"1:100172634-100172657 [Sequence]","LRRC39","Reverse","ENSG00000130203","2429","2452","Forward","24 [Sequence]","42.0","6.9e-04","91.67 [Alignment]"
"1:36436279-36436300 [Sequence]","OSCP1","Reverse","ENSG00000130203","1636","1657","Forward","22 [Sequence]","42.0","7.0e-04","100.00 [Alignment]"
"1:23514081-23514101 [Sequence]","E2F2","Reverse","ENSG00000130203","1131","1151","Forward","21 [Sequence]","42.0","7.1e-04","100.00 [Alignment]"
"1:236498418-236498441 [Sequence]","EDARADD","Reverse","ENSG00000130203","1117","1140","Forward","24 [Sequence]","41.0","1.5e-03","91.67 [Alignment]"
"1:89764694-89764715 [Sequence]","ENSG00000271949, LRRC8C","Reverse","ENSG00000130203","1209","1230","Forward","22 [Sequence]","41.0","1.6e-03","95.45 [Alignment]"
"1:9923609-9923628 [Sequence]","LZIC","Forward","ENSG00000130203","1201","1220","Forward","20 [Sequence]","40.0","3.8e-03","100.00 [Alignment]"
"1:156897-156916 [Sequence]","ENSG00000241860","Reverse","ENSG00000130203","1302","1321","Forward","20 [Sequence]","40.0","3.8e-03","100.00 [Alignment]"
"1:757204-757223 [Sequence]","ENSG00000230021, ENSG00000228327","Reverse","ENSG00000130203","1302","1321","Forward","20 [Sequence]","40.0","3.8e-03","100.00 [Alignment]"
"1:515489-515508 [Sequence]","ENSG00000237094","Reverse","ENSG00000130203","1302","1321","Forward","20 [Sequence]","40.0","3.8e-03","100.00 [Alignment]"
"1:5703966-5703985 [Sequence]","","Reverse","ENSG00000130203","1362","1381","Forward","20 [Sequence]","40.0","3.8e-03","100.00 [Alignment]"
"1:222502599-222502618 [Sequence]","ENSG00000276997","Reverse","ENSG00000130203","1302","1321","Forward","20 [Sequence]","40.0","3.8e-03","100.00 [Alignment]"
"1:223975112-223975131 [Sequence]","GTF2IP20","Reverse","ENSG00000130203","1302","1321","Forward","20 [Sequence]","40.0","3.8e-03","100.00 [Alignment]"
"1:180480759-180480779 [Sequence]","ACBD6","Reverse","ENSG00000130203","1363","1383","Forward","21 [Sequence]","39.0","5.9e-03","95.24 [Alignment]"
"1:205340051-205340071 [Sequence]","KLHDC8A","Reverse","ENSG00000130203","1771","1791","Forward","21 [Sequence]","39.0","5.9e-03","95.24 [Alignment]"
"1:43759305-43759323 [Sequence]","ENSG00000284989, ST3GAL3","Reverse","ENSG00000130203","1229","1247","Forward","19 [Sequence]","37.0","1.6e-02","100.00 [Alignment]"
"1:70879840-70879858 [Sequence]","PTGER3","Reverse","ENSG00000130203","1348","1366","Forward","19 [Sequence]","37.0","1.8e-02","100.00 [Alignment]"
"1:113005291-113005311 [Sequence]","SLC16A1-AS1","Reverse","ENSG00000130203","1162","1182","Forward","21 [Sequence]","37.0","2.0e-02","95.24 [Alignment]"
"1:209545618-209545636 [Sequence]","ENSG00000224260","Forward","ENSG00000130203","2343","2361","Forward","19 [Sequence]","37.0","2.0e-02","100.00 [Alignment]"
"16:62379649-62379676 [Sequence]","","Forward","ENSG00000130203","1337","1367","Forward","31 [Sequence]","36.0","3.4e-02","83.87 [Alignment]"
"16:62379610-62379631 [Sequence]","","Forward","ENSG00000130203","1300","1321","Forward","22 [Sequence]","36.0","3.5e-02","90.91 [Alignment]"
"2:20123754-20123775 [Sequence]","","Forward","ENSG00000130203","2429","2450","Forward","22 [Sequence]","36.0","4.4e-02","90.91 [Alignment]"
"1:212632047-212632067 [Sequence]","","Reverse","ENSG00000130203","1069","1089","Forward","21 [Sequence]","36.0","4.7e-02","95.24 [Alignment]"
"1:212631784-212631801 [Sequence]","","Reverse","ENSG00000130203","1200","1217","Forward","18 [Sequence]","36.0","5.0e-02","100.00 [Alignment]"
"1:195132586-195132603 [Sequence]","","Reverse","ENSG00000130203","1536","1553","Forward","18 [Sequence]","35.0","6.5e-02","100.00 [Alignment]"
"1:201616493-201616514 [Sequence]","NAV1","Forward","ENSG00000130203","1097","1118","Forward","22 [Sequence]","35.0","8.3e-02","90.91 [Alignment]"
